{
  "handover_block": {
    "action": {
      "lq01": [
        -0.9128362536430359,
        -1.4829885003564414e-05,
        -3.2706811907701194e-05,
        -2.353758827666752e-05,
        -1.0681569576263428,
        -0.060705821961164474,
        0.0
      ],
      "lq99": [
        0.20993337631225586,
        2.765941619873047,
        2.3634006690978993,
        1.1578625440597534,
        1.4840952873229976,
        0.1364338719844816,
        1.0
      ],
      "rq01": [
        0.0,
        0.0,
        0.0,
        0.0,
        0.0,
        -0.009605709463357925,
        0.0
      ],
      "rq99": [
        0.8356610751152036,
        2.7533178329467773,
        1.5846575498580933,
        1.35245943069458,
        0.6150228977203369,
        0.021707213222980484,
        1.0
      ],
      "mask": [
        true,
        true,
        true,
        true,
        true,
        true,
        true
      ]
    }
  }
}