{
  "handover_block": {
    "action": {
      "q01": [
        -0.5051664710044861,
        -9.261093509849161e-06,
        -3.06803485727869e-05,
        -1.7453203327022493e-05,
        -0.6448677998781204,
        -0.04653968818485737,
        0.0
      ],
      "q99": [
        0.799516499042511,
        2.7618908882141113,
        2.2324066162109375,
        1.326573133468628,
        1.421330213546753,
        0.0904053600132453,
        1.0
      ],
      "mask": [
        true,
        true,
        true,
        true,
        true,
        true,
        true
      ]
    }
  }
}